amount,cost,ratio,duration,city,country
585.0,325.0,0.555555555556,9,Mombasa,Kenya
919.0,641.0,0.697497279652,7,Naari,Kenya
730.0,318.0,0.435616438356,3,Nairobi,Kenya
223.0,170.0,0.762331838565,7,Kakamega,Kenya
331.0,95.0,0.287009063444,5,Kakamega,Kenya
